api_id,name,category_large,category_medium,transport,method,url,req_body_fields,resp_body_fields
au10001,접근토큰 발급,OAuth 인증,접근토큰발급,REST,POST,/oauth2/token,3,3
au10002,접근토큰폐기,OAuth 인증,접근토큰폐기,REST,POST,/oauth2/revoke,3,0
ka00001,계좌번호조회,국내주식,계좌,REST,POST,/api/dostk/acnt,0,1
ka00198,실시간종목조회순위,국내주식,종목정보,REST,POST,/api/dostk/stkinfo,1,1
ka01300,관심종목 그룹 리스트 조회,국내주식,관심종목,REST,POST,/api/dostk/watchlist,0,2
ka01301,관심종목 그룹 상세 조회,국내주식,관심종목,REST,POST,/api/dostk/watchlist,1,2
ka01690,일별잔고수익률,국내주식,계좌,REST,POST,/api/dostk/acnt,1,9
ka10001,주식기본정보요청,국내주식,종목정보,REST,POST,/api/dostk/stkinfo,1,45
ka10002,주식거래원요청,국내주식,종목정보,REST,POST,/api/dostk/stkinfo,1,37
ka10003,체결정보요청,국내주식,종목정보,REST,POST,/api/dostk/stkinfo,1,1
ka10004,주식호가요청,국내주식,시세,REST,POST,/api/dostk/mrkcond,1,69
ka10005,주식일주월시분요청,국내주식,시세,REST,POST,/api/dostk/mrkcond,1,1
ka10006,주식시분요청,국내주식,시세,REST,POST,/api/dostk/mrkcond,1,10
ka10007,시세표성정보요청,국내주식,시세,REST,POST,/api/dostk/mrkcond,1,124
ka10008,주식외국인종목별매매동향,국내주식,기관/외국인,REST,POST,/api/dostk/frgnistt,1,1
ka10010,업종프로그램요청,국내주식,업종,REST,POST,/api/dostk/sect,1,18
ka10011,신주인수권전체시세요청,국내주식,시세,REST,POST,/api/dostk/mrkcond,1,1
ka10013,신용매매동향요청,국내주식,종목정보,REST,POST,/api/dostk/stkinfo,3,1
ka10014,공매도추이요청,국내주식,공매도,REST,POST,/api/dostk/shsa,4,1
ka10015,일별거래상세요청,국내주식,종목정보,REST,POST,/api/dostk/stkinfo,2,1
ka10016,신고저가요청,국내주식,종목정보,REST,POST,/api/dostk/stkinfo,9,1
ka10017,상하한가요청,국내주식,종목정보,REST,POST,/api/dostk/stkinfo,8,1
ka10018,고저가근접요청,국내주식,종목정보,REST,POST,/api/dostk/stkinfo,7,1
ka10019,가격급등락요청,국내주식,종목정보,REST,POST,/api/dostk/stkinfo,10,1
ka10020,호가잔량상위요청,국내주식,순위정보,REST,POST,/api/dostk/rkinfo,6,1
ka10021,호가잔량급증요청,국내주식,순위정보,REST,POST,/api/dostk/rkinfo,7,1
ka10022,잔량율급증요청,국내주식,순위정보,REST,POST,/api/dostk/rkinfo,6,1
ka10023,거래량급증요청,국내주식,순위정보,REST,POST,/api/dostk/rkinfo,8,1
ka10024,거래량갱신요청,국내주식,종목정보,REST,POST,/api/dostk/stkinfo,4,1
ka10025,매물대집중요청,국내주식,종목정보,REST,POST,/api/dostk/stkinfo,6,1
ka10026,고저PER요청,국내주식,종목정보,REST,POST,/api/dostk/stkinfo,2,1
ka10027,전일대비등락률상위요청,국내주식,순위정보,REST,POST,/api/dostk/rkinfo,9,1
ka10028,시가대비등락률요청,국내주식,종목정보,REST,POST,/api/dostk/stkinfo,9,1
ka10029,예상체결등락률상위요청,국내주식,순위정보,REST,POST,/api/dostk/rkinfo,7,1
ka10030,당일거래량상위요청,국내주식,순위정보,REST,POST,/api/dostk/rkinfo,9,1
ka10031,전일거래량상위요청,국내주식,순위정보,REST,POST,/api/dostk/rkinfo,5,1
ka10032,거래대금상위요청,국내주식,순위정보,REST,POST,/api/dostk/rkinfo,3,1
ka10033,신용비율상위요청,국내주식,순위정보,REST,POST,/api/dostk/rkinfo,6,1
ka10034,외인기간별매매상위요청,국내주식,순위정보,REST,POST,/api/dostk/rkinfo,4,1
ka10035,외인연속순매매상위요청,국내주식,순위정보,REST,POST,/api/dostk/rkinfo,4,1
ka10036,외인한도소진율증가상위,국내주식,순위정보,REST,POST,/api/dostk/rkinfo,3,1
ka10037,외국계창구매매상위요청,국내주식,순위정보,REST,POST,/api/dostk/rkinfo,5,1
ka10038,종목별증권사순위요청,국내주식,순위정보,REST,POST,/api/dostk/rkinfo,5,5
ka10039,증권사별매매상위요청,국내주식,순위정보,REST,POST,/api/dostk/rkinfo,5,1
ka10040,당일주요거래원요청,국내주식,순위정보,REST,POST,/api/dostk/rkinfo,1,45
ka10042,순매수거래원순위요청,국내주식,순위정보,REST,POST,/api/dostk/rkinfo,7,1
ka10043,거래원매물대분석요청,국내주식,종목정보,REST,POST,/api/dostk/stkinfo,9,1
ka10044,일별기관매매종목요청,국내주식,시세,REST,POST,/api/dostk/mrkcond,5,1
ka10045,종목별기관매매추이요청,국내주식,시세,REST,POST,/api/dostk/mrkcond,5,3
ka10046,체결강도추이시간별요청,국내주식,시세,REST,POST,/api/dostk/mrkcond,1,1
ka10047,체결강도추이일별요청,국내주식,시세,REST,POST,/api/dostk/mrkcond,1,1
ka10048,ELW일별민감도지표요청,국내주식,ELW,REST,POST,/api/dostk/elw,1,1
ka10050,ELW민감도지표요청,국내주식,ELW,REST,POST,/api/dostk/elw,1,1
ka10051,업종별투자자순매수요청,국내주식,업종,REST,POST,/api/dostk/sect,4,1
ka10052,거래원순간거래량요청,국내주식,종목정보,REST,POST,/api/dostk/stkinfo,6,1
ka10053,당일상위이탈원요청,국내주식,순위정보,REST,POST,/api/dostk/rkinfo,1,1
ka10054,변동성완화장치발동종목요청,국내주식,종목정보,REST,POST,/api/dostk/stkinfo,13,1
ka10055,당일전일체결량요청,국내주식,종목정보,REST,POST,/api/dostk/stkinfo,2,1
ka10058,투자자별일별매매종목요청,국내주식,종목정보,REST,POST,/api/dostk/stkinfo,6,1
ka10059,종목별투자자기관별요청,국내주식,종목정보,REST,POST,/api/dostk/stkinfo,5,1
ka10060,종목별투자자기관별차트요청,국내주식,차트,REST,POST,/api/dostk/chart,5,1
ka10061,종목별투자자기관별합계요청,국내주식,종목정보,REST,POST,/api/dostk/stkinfo,6,1
ka10062,동일순매매순위요청,국내주식,순위정보,REST,POST,/api/dostk/rkinfo,7,1
ka10063,장중투자자별매매요청,국내주식,시세,REST,POST,/api/dostk/mrkcond,6,1
ka10064,장중투자자별매매차트요청,국내주식,차트,REST,POST,/api/dostk/chart,4,1
ka10065,장중투자자별매매상위요청,국내주식,순위정보,REST,POST,/api/dostk/rkinfo,4,1
ka10066,장마감후투자자별매매요청,국내주식,시세,REST,POST,/api/dostk/mrkcond,4,1
ka10068,대차거래추이요청,국내주식,대차거래,REST,POST,/api/dostk/slb,3,1
ka10069,대차거래상위10종목요청,국내주식,대차거래,REST,POST,/api/dostk/slb,3,9
ka10072,일자별종목별실현손익요청_일자,국내주식,계좌,REST,POST,/api/dostk/acnt,2,1
ka10073,일자별종목별실현손익요청_기간,국내주식,계좌,REST,POST,/api/dostk/acnt,3,1
ka10074,일자별실현손익요청,국내주식,계좌,REST,POST,/api/dostk/acnt,2,6
ka10075,미체결요청,국내주식,계좌,REST,POST,/api/dostk/acnt,4,1
ka10076,체결요청,국내주식,계좌,REST,POST,/api/dostk/acnt,5,1
ka10077,당일실현손익상세요청,국내주식,계좌,REST,POST,/api/dostk/acnt,1,2
ka10078,증권사별종목매매동향요청,국내주식,시세,REST,POST,/api/dostk/mrkcond,4,1
ka10079,주식틱차트조회요청,국내주식,차트,REST,POST,/api/dostk/chart,3,3
ka10080,주식분봉차트조회요청,국내주식,차트,REST,POST,/api/dostk/chart,4,2
ka10081,주식일봉차트조회요청,국내주식,차트,REST,POST,/api/dostk/chart,3,2
ka10082,주식주봉차트조회요청,국내주식,차트,REST,POST,/api/dostk/chart,3,2
ka10083,주식월봉차트조회요청,국내주식,차트,REST,POST,/api/dostk/chart,3,2
ka10084,당일전일체결요청,국내주식,종목정보,REST,POST,/api/dostk/stkinfo,4,1
ka10085,계좌수익률요청,국내주식,계좌,REST,POST,/api/dostk/acnt,1,1
ka10086,일별주가요청,국내주식,시세,REST,POST,/api/dostk/mrkcond,3,1
ka10087,시간외단일가요청,국내주식,시세,REST,POST,/api/dostk/mrkcond,1,46
ka10088,미체결 분할주문 상세,국내주식,계좌,REST,POST,/api/dostk/acnt,1,1
ka10094,주식년봉차트조회요청,국내주식,차트,REST,POST,/api/dostk/chart,3,2
ka10095,지정종목 정보요청,국내주식,종목정보,REST,POST,/api/dostk/stkinfo,1,1
ka10098,시간외단일가등락율순위요청,국내주식,순위정보,REST,POST,/api/dostk/rkinfo,6,1
ka10099,종목정보 리스트,국내주식,종목정보,REST,POST,/api/dostk/stkinfo,1,1
ka10100,종목정보 조회,국내주식,종목정보,REST,POST,/api/dostk/stkinfo,1,14
ka10101,업종코드 리스트,국내주식,종목정보,REST,POST,/api/dostk/stkinfo,1,1
ka10102,회원사 리스트,국내주식,종목정보,REST,POST,/api/dostk/stkinfo,0,1
ka10131,기관외국인연속매매현황요청,국내주식,기관/외국인,REST,POST,/api/dostk/frgnistt,8,1
ka10170,당일매매일지요청,국내주식,계좌,REST,POST,/api/dostk/acnt,3,7
ka10171,조건검색 목록조회,국내주식,조건검색,WEBSOCKET,POST,/api/dostk/websocket,1,4
ka10172,조건검색 요청 일반,국내주식,조건검색,WEBSOCKET,POST,/api/dostk/websocket,6,7
ka10173,조건검색 요청 실시간,국내주식,조건검색,WEBSOCKET,POST,/api/dostk/websocket,4,9
ka10174,조건검색 실시간 해제,국내주식,조건검색,WEBSOCKET,POST,/api/dostk/websocket,2,4
ka20001,업종현재가요청,국내주식,업종,REST,POST,/api/dostk/sect,2,23
ka20002,업종별주가요청,국내주식,업종,REST,POST,/api/dostk/sect,3,1
ka20003,전업종지수요청,국내주식,업종,REST,POST,/api/dostk/sect,1,1
ka20004,업종틱차트조회요청,국내주식,차트,REST,POST,/api/dostk/chart,2,2
ka20005,업종분봉조회요청,국내주식,차트,REST,POST,/api/dostk/chart,3,2
ka20006,업종일봉조회요청,국내주식,차트,REST,POST,/api/dostk/chart,2,2
ka20007,업종주봉조회요청,국내주식,차트,REST,POST,/api/dostk/chart,2,2
ka20008,업종월봉조회요청,국내주식,차트,REST,POST,/api/dostk/chart,2,2
ka20009,업종현재가일별요청,국내주식,업종,REST,POST,/api/dostk/sect,2,23
ka20019,업종년봉조회요청,국내주식,차트,REST,POST,/api/dostk/chart,2,2
ka20068,대차거래추이요청(종목별),국내주식,대차거래,REST,POST,/api/dostk/slb,4,1
ka30001,ELW가격급등락요청,국내주식,ELW,REST,POST,/api/dostk/elw,9,2
ka30002,거래원별ELW순매매상위요청,국내주식,ELW,REST,POST,/api/dostk/elw,5,1
ka30003,ELWLP보유일별추이요청,국내주식,ELW,REST,POST,/api/dostk/elw,2,1
ka30004,ELW괴리율요청,국내주식,ELW,REST,POST,/api/dostk/elw,5,1
ka30005,ELW조건검색요청,국내주식,ELW,REST,POST,/api/dostk/elw,5,1
ka30009,ELW등락율순위요청,국내주식,ELW,REST,POST,/api/dostk/elw,3,1
ka30010,ELW잔량순위요청,국내주식,ELW,REST,POST,/api/dostk/elw,3,1
ka30011,ELW근접율요청,국내주식,ELW,REST,POST,/api/dostk/elw,1,1
ka30012,ELW종목상세정보요청,국내주식,ELW,REST,POST,/api/dostk/elw,1,65
ka40001,ETF수익율요청,국내주식,ETF,REST,POST,/api/dostk/etf,3,1
ka40002,ETF종목정보요청,국내주식,ETF,REST,POST,/api/dostk/etf,1,5
ka40003,ETF일별추이요청,국내주식,ETF,REST,POST,/api/dostk/etf,1,1
ka40004,ETF전체시세요청,국내주식,ETF,REST,POST,/api/dostk/etf,6,1
ka40006,ETF시간대별추이요청,국내주식,ETF,REST,POST,/api/dostk/etf,1,6
ka40007,ETF시간대별체결요청,국내주식,ETF,REST,POST,/api/dostk/etf,1,7
ka40008,ETF일자별체결요청,국내주식,ETF,REST,POST,/api/dostk/etf,1,6
ka40009,ETF시간대별NAV현황,국내주식,ETF,REST,POST,/api/dostk/etf,1,1
ka40010,ETF시간대별수급현황,국내주식,ETF,REST,POST,/api/dostk/etf,1,1
ka50010,금현물체결추이,국내주식,시세,REST,POST,/api/dostk/mrkcond,1,1
ka50012,금현물일별추이,국내주식,시세,REST,POST,/api/dostk/mrkcond,2,1
ka50079,금현물틱차트조회요청,국내주식,차트,REST,POST,/api/dostk/chart,3,1
ka50080,금현물분봉차트조회요청,국내주식,차트,REST,POST,/api/dostk/chart,3,1
ka50081,금현물일봉차트조회요청,국내주식,차트,REST,POST,/api/dostk/chart,3,1
ka50082,금현물주봉차트조회요청,국내주식,차트,REST,POST,/api/dostk/chart,3,1
ka50083,금현물월봉차트조회요청,국내주식,차트,REST,POST,/api/dostk/chart,3,1
ka50087,금현물예상체결,국내주식,시세,REST,POST,/api/dostk/mrkcond,1,1
ka50091,금현물당일틱차트조회요청,국내주식,차트,REST,POST,/api/dostk/chart,2,1
ka50092,금현물당일분봉차트조회요청,국내주식,차트,REST,POST,/api/dostk/chart,2,1
ka50100,금현물 시세정보,국내주식,시세,REST,POST,/api/dostk/mrkcond,1,11
ka50101,금현물 호가,국내주식,시세,REST,POST,/api/dostk/mrkcond,2,1
ka52301,금현물투자자현황,국내주식,기관/외국인,REST,POST,/api/dostk/frgnistt,0,1
ka90001,테마그룹별요청,국내주식,테마,REST,POST,/api/dostk/thme,6,1
ka90002,테마구성종목요청,국내주식,테마,REST,POST,/api/dostk/thme,3,3
ka90003,프로그램순매수상위50요청,국내주식,종목정보,REST,POST,/api/dostk/stkinfo,4,1
ka90004,종목별프로그램매매현황요청,국내주식,종목정보,REST,POST,/api/dostk/stkinfo,3,7
ka90005,프로그램매매추이요청 시간대별,국내주식,시세,REST,POST,/api/dostk/mrkcond,5,1
ka90006,프로그램매매차익잔고추이요청,국내주식,시세,REST,POST,/api/dostk/mrkcond,2,1
ka90007,프로그램매매누적추이요청,국내주식,시세,REST,POST,/api/dostk/mrkcond,4,1
ka90008,종목시간별프로그램매매추이요청,국내주식,시세,REST,POST,/api/dostk/mrkcond,3,1
ka90009,외국인기관매매상위요청,국내주식,순위정보,REST,POST,/api/dostk/rkinfo,5,1
ka90010,프로그램매매추이요청 일자별,국내주식,시세,REST,POST,/api/dostk/mrkcond,5,1
ka90012,대차거래내역요청,국내주식,대차거래,REST,POST,/api/dostk/slb,2,1
ka90013,종목일별프로그램매매추이요청,국내주식,시세,REST,POST,/api/dostk/mrkcond,3,1
kt00001,예수금상세현황요청,국내주식,계좌,REST,POST,/api/dostk/acnt,1,70
kt00002,일별추정예탁자산현황요청,국내주식,계좌,REST,POST,/api/dostk/acnt,2,1
kt00003,추정자산조회요청,국내주식,계좌,REST,POST,/api/dostk/acnt,1,1
kt00004,계좌평가현황요청,국내주식,계좌,REST,POST,/api/dostk/acnt,2,19
kt00005,체결잔고요청,국내주식,계좌,REST,POST,/api/dostk/acnt,1,31
kt00007,계좌별주문체결내역상세요청,국내주식,계좌,REST,POST,/api/dostk/acnt,7,1
kt00008,계좌별익일결제예정내역요청,국내주식,계좌,REST,POST,/api/dostk/acnt,1,5
kt00009,계좌별주문체결현황요청,국내주식,계좌,REST,POST,/api/dostk/acnt,8,4
kt00010,주문인출가능금액요청,국내주식,계좌,REST,POST,/api/dostk/acnt,6,28
kt00011,증거금율별주문가능수량조회요청,국내주식,계좌,REST,POST,/api/dostk/acnt,2,36
kt00012,신용보증금율별주문가능수량조회요청,국내주식,계좌,REST,POST,/api/dostk/acnt,2,27
kt00013,증거금세부내역조회요청,국내주식,계좌,REST,POST,/api/dostk/acnt,0,50
kt00015,위탁종합거래내역요청,국내주식,계좌,REST,POST,/api/dostk/acnt,9,1
kt00016,일별계좌수익률상세현황요청,국내주식,계좌,REST,POST,/api/dostk/acnt,2,39
kt00017,계좌별당일현황요청,국내주식,계좌,REST,POST,/api/dostk/acnt,0,25
kt00018,계좌평가잔고내역요청,국내주식,계좌,REST,POST,/api/dostk/acnt,2,9
kt10000,주식 매수주문,국내주식,주문,REST,POST,/api/dostk/ordr,6,2
kt10001,주식 매도주문,국내주식,주문,REST,POST,/api/dostk/ordr,6,2
kt10002,주식 정정주문,국내주식,주문,REST,POST,/api/dostk/ordr,6,4
kt10003,주식 취소주문,국내주식,주문,REST,POST,/api/dostk/ordr,4,3
kt10006,신용 매수주문,국내주식,신용주문,REST,POST,/api/dostk/crdordr,6,2
kt10007,신용 매도주문,국내주식,신용주문,REST,POST,/api/dostk/crdordr,8,2
kt10008,신용 정정주문,국내주식,신용주문,REST,POST,/api/dostk/crdordr,6,4
kt10009,신용 취소주문,국내주식,신용주문,REST,POST,/api/dostk/crdordr,4,3
kt20016,신용융자 가능종목요청,국내주식,종목정보,REST,POST,/api/dostk/stkinfo,3,2
kt20017,신용융자 가능문의,국내주식,종목정보,REST,POST,/api/dostk/stkinfo,1,1
kt50000,금현물 매수주문,국내주식,주문,REST,POST,/api/dostk/ordr,4,1
kt50001,금현물 매도주문,국내주식,주문,REST,POST,/api/dostk/ordr,4,1
kt50002,금현물 정정주문,국내주식,주문,REST,POST,/api/dostk/ordr,4,3
kt50003,금현물 취소주문,국내주식,주문,REST,POST,/api/dostk/ordr,3,3
kt50020,금현물 잔고확인,국내주식,계좌,REST,POST,/api/dostk/acnt,0,9
kt50021,금현물 예수금,국내주식,계좌,REST,POST,/api/dostk/acnt,0,14
kt50030,금현물 주문체결전체조회,국내주식,계좌,REST,POST,/api/dostk/acnt,8,1
kt50031,금현물 주문체결조회,국내주식,계좌,REST,POST,/api/dostk/acnt,7,1
kt50032,금현물 거래내역조회,국내주식,계좌,REST,POST,/api/dostk/acnt,4,2
kt50075,금현물 미체결조회,국내주식,계좌,REST,POST,/api/dostk/acnt,8,1
usa01980,미국주식 실시간 종목 조회 순위,미국주식,순위정보,REST,POST,/api/us/rkinfo,1,3
usa01990,미국주식 관심종목 등록 상위,미국주식,순위정보,REST,POST,/api/us/rkinfo,2,1
usa06010,미국주식 틱 차트,미국주식,차트,REST,POST,/api/us/chart,5,1
usa06011,미국주식 분 차트,미국주식,차트,REST,POST,/api/us/chart,6,1
usa06012,미국주식 일 차트,미국주식,차트,REST,POST,/api/us/chart,5,1
usa06013,미국주식 주 차트,미국주식,차트,REST,POST,/api/us/chart,5,1
usa06014,미국주식 월 차트,미국주식,차트,REST,POST,/api/us/chart,5,1
usa06015,미국주식 년 차트,미국주식,차트,REST,POST,/api/us/chart,5,1
usa06016,미국주식 분기 차트,미국주식,차트,REST,POST,/api/us/chart,5,1
usa10098,미국주식 거래소구분 조회,미국주식,종목정보,REST,POST,/api/us/stkinfo,1,1
usa10099,미국주식 종목리스트,미국주식,종목정보,REST,POST,/api/us/stkinfo,1,1
usa10100,미국주식 종목 조회,미국주식,종목정보,REST,POST,/api/us/stkinfo,2,7
usa10101,미국주식 업종리스트,미국주식,종목정보,REST,POST,/api/us/stkinfo,1,1
usa10102,미국지수 리스트,미국주식,종목정보,REST,POST,/api/us/stkinfo,1,1
usa10104,"미국 ETF,ETN 리스트 ",미국주식,종목정보,REST,POST,/api/us/stkinfo,1,1
usa10105,미국 ETF 카테고리 리스트,미국주식,종목정보,REST,POST,/api/us/stkinfo,1,1
usa20100,미국주식 현재가 종목정보,미국주식,시세,REST,POST,/api/us/mrkcond,2,41
usa20101,미국주식 현재가 10호가,미국주식,시세,REST,POST,/api/us/mrkcond,2,88
usa20150,미국주식 상세 체결내역,미국주식,시세,REST,POST,/api/us/mrkcond,2,1
usa20151,미국주식 일별 체결내역,미국주식,시세,REST,POST,/api/us/mrkcond,3,1
usa20200,미국주식 관심종목 그룹 리스트 조회,미국주식,관심종목,REST,POST,/api/us/watchlist,0,2
usa20201,미국주식 관심종목 그룹 상세 조회,미국주식,관심종목,REST,POST,/api/us/watchlist,1,2
usa20280,미국주식 조건검색 목록조회,미국주식,조건검색,WEBSOCKET,POST,/api/us/websocket,1,4
usa20281,미국주식 조건검색 요청 일반,미국주식,조건검색,WEBSOCKET,POST,/api/us/websocket,5,7
usa20290,미국주식 조건검색 요청 실시간,미국주식,조건검색,WEBSOCKET,POST,/api/us/websocket,3,5
usa20291,미국주식 조건검색 실시간 해제,미국주식,조건검색,WEBSOCKET,POST,/api/us/websocket,2,4
usa20510,미국주식 기간별 등락률상위(주식/업종),미국주식,순위정보,REST,POST,/api/us/rkinfo,8,1
usa20511,미국주식 기간별 등락률상위(ETF),미국주식,순위정보,REST,POST,/api/us/rkinfo,8,1
usa20512,미국주식 기간별 등락률상위(관심종목),미국주식,순위정보,REST,POST,/api/us/rkinfo,7,1
usa20520,미국주식 거래량급등락(주식/업종),미국주식,종목정보,REST,POST,/api/us/stkinfo,8,1
usa20521,미국주식 거래량급등락(ETF),미국주식,종목정보,REST,POST,/api/us/stkinfo,8,1
usa20530,미국주식 당일 거래량 상위(주식/업종),미국주식,순위정보,REST,POST,/api/us/rkinfo,8,1
usa20531,미국주식 당일 거래량 상위(ETF),미국주식,순위정보,REST,POST,/api/us/rkinfo,8,1
usa20540,미국주식 당일 거래대금 상위(주식/업종),미국주식,순위정보,REST,POST,/api/us/rkinfo,7,1
usa20541,미국주식 당일 거래대금 상위(ETF),미국주식,순위정보,REST,POST,/api/us/rkinfo,7,1
usa20550,미국주식 시가총액상위(주식/업종),미국주식,순위정보,REST,POST,/api/us/rkinfo,7,1
usa20551,미국주식 시가총액상위(ETF),미국주식,순위정보,REST,POST,/api/us/rkinfo,7,1
usa20570,미국주식 가격대별주가(주식/업종),미국주식,종목정보,REST,POST,/api/us/stkinfo,8,5
usa20571,미국주식 가격대별주가(ETF),미국주식,종목정보,REST,POST,/api/us/stkinfo,8,5
usa20590,미국주식 일별주가,미국주식,시세,REST,POST,/api/us/mrkcond,3,1
usa20880,키움 거래 상위 종목(미국주식),미국주식,순위정보,REST,POST,/api/us/rkinfo,2,1
usa20881,키움 거래 상위 종목(미국 ETF),미국주식,순위정보,REST,POST,/api/us/rkinfo,2,1
usa20910,미국주식 전일대비 등락률상위(주식/업종),미국주식,순위정보,REST,POST,/api/us/rkinfo,9,1
usa20911,미국주식 전일대비 등락률상위(ETF),미국주식,순위정보,REST,POST,/api/us/rkinfo,8,1
usa20920,미국주식 시가대비 등락률상위(주식/업종),미국주식,순위정보,REST,POST,/api/us/rkinfo,8,1
usa20921,미국주식 시가대비 등락률상위(ETF),미국주식,순위정보,REST,POST,/api/us/rkinfo,8,1
usa20922,미국주식 시가대비 등락률상위(관심종목),미국주식,순위정보,REST,POST,/api/us/rkinfo,8,1
usa20930,미국주식 가격급등락(주식/업종),미국주식,종목정보,REST,POST,/api/us/stkinfo,10,1
usa20931,미국주식 가격급등락(ETF),미국주식,종목정보,REST,POST,/api/us/stkinfo,10,1
usa20932,미국주식 가격급등락(관심종목),미국주식,종목정보,REST,POST,/api/us/stkinfo,9,1
usa20940,미국주식 누적 등락률 상위(주식/업종),미국주식,순위정보,REST,POST,/api/us/rkinfo,11,1
usa20941,미국주식 누적 등락률 상위(ETF),미국주식,순위정보,REST,POST,/api/us/rkinfo,11,1
usa20960,미국주식 전일 거래상위(주식/업종),미국주식,순위정보,REST,POST,/api/us/rkinfo,4,1
usa20961,미국주식 전일 거래상위(ETF),미국주식,순위정보,REST,POST,/api/us/rkinfo,4,1
usa20970,미국주식 고가/저가 접근(주식/업종),미국주식,종목정보,REST,POST,/api/us/stkinfo,10,1
usa20971,미국주식 고가/저가 접근(ETF),미국주식,종목정보,REST,POST,/api/us/stkinfo,10,1
usa20972,미국주식 고가/저가 접근(관심종목),미국주식,종목정보,REST,POST,/api/us/stkinfo,9,1
usa21670,미국주식 일별계좌수익률현황,미국주식,계좌,REST,POST,/api/us/acnt,2,1
usa21680,미국주식 월별계좌수익률현황,미국주식,계좌,REST,POST,/api/us/acnt,2,1
usa21690,미국주식 연도별계좌수익률현황,미국주식,계좌,REST,POST,/api/us/acnt,2,1
usa21730,미국주식 일별종목수익률현황,미국주식,계좌,REST,POST,/api/us/acnt,4,1
usa21731,미국주식 월별종목수익률현황,미국주식,계좌,REST,POST,/api/us/acnt,4,1
usa21732,미국주식 연도별종목수익률현황,미국주식,계좌,REST,POST,/api/us/acnt,4,1
usa23000,미국주식 업종별 기간별 수익률 조회,미국주식,업종,REST,POST,/api/us/sect,2,1
usa23100,미국주식 업종별 등락률 상위/하위 조회,미국주식,업종,REST,POST,/api/us/sect,3,1
usa23400,미국주식 거래량갱신(주식/업종),미국주식,종목정보,REST,POST,/api/us/stkinfo,8,1
usa23401,미국주식 거래량갱신(ETF),미국주식,종목정보,REST,POST,/api/us/stkinfo,8,1
usa23402,미국주식 거래량갱신(관심종목),미국주식,종목정보,REST,POST,/api/us/stkinfo,7,1
usa24100,미국주식 신고가/신저가(주식/업종),미국주식,종목정보,REST,POST,/api/us/stkinfo,10,1
usa24101,미국주식 신고가/신저가(ETF),미국주식,종목정보,REST,POST,/api/us/stkinfo,10,1
usa24110,미국주식 최고최저가대비 상승하락(주식/업종),미국주식,순위정보,REST,POST,/api/us/rkinfo,9,1
usa24111,미국주식 최고최저가대비 상승하락(ETF),미국주식,순위정보,REST,POST,/api/us/rkinfo,9,1
usa24120,미국주식 특정일자 상승/하락 (주식/업종),미국주식,순위정보,REST,POST,/api/us/rkinfo,9,1
usa24121,미국주식 특정일자 상승/하락(ETF),미국주식,순위정보,REST,POST,/api/us/rkinfo,9,1
usa24140,미국주식 갭상승/갭하락(주식/업종),미국주식,종목정보,REST,POST,/api/us/stkinfo,10,1
usa24141,미국주식 갭상승/갭하락(ETF),미국주식,종목정보,REST,POST,/api/us/stkinfo,10,1
usa24150,미국주식 회전율 상위(주식/업종),미국주식,순위정보,REST,POST,/api/us/rkinfo,7,1
usa24151,미국주식 회전율 상위(ETF),미국주식,순위정보,REST,POST,/api/us/rkinfo,7,1
usa24160,미국주식 연속상승/하락 순위(주식/업종),미국주식,순위정보,REST,POST,/api/us/rkinfo,8,1
usa24161,미국주식 연속상승/하락 순위(ETF),미국주식,순위정보,REST,POST,/api/us/rkinfo,8,1
usa24162,미국주식 연속상승/하락 순위(관심종목),미국주식,순위정보,REST,POST,/api/us/rkinfo,7,1
usa24200,미국주식 호가잔량상위(주식/업종),미국주식,순위정보,REST,POST,/api/us/rkinfo,8,1
usa24201,미국주식 호가잔량상위(ETF),미국주식,순위정보,REST,POST,/api/us/rkinfo,8,1
usa24210,미국주식 잔량률급증(주식/업종),미국주식,종목정보,REST,POST,/api/us/stkinfo,9,1
usa24211,미국주식 잔량률급증(ETF),미국주식,종목정보,REST,POST,/api/us/stkinfo,9,1
usa24220,미국주식 매물대집중(주식/업종),미국주식,종목정보,REST,POST,/api/us/stkinfo,10,1
usa24221,미국주식 매물대집중(ETF),미국주식,종목정보,REST,POST,/api/us/stkinfo,10,1
usa24290,미국주식 주간거래 괴리율 상위(주식/업종),미국주식,순위정보,REST,POST,/api/us/rkinfo,9,1
usa24291,미국주식 주간거래 괴리율 상위(ETF),미국주식,순위정보,REST,POST,/api/us/rkinfo,8,1
usa24300,미국주식 리서치(미국주식/ETF),미국주식,투자정보,REST,POST,/api/us/invtinfo,1,1
usa26410,미국주식 연도별 등락률(종목),미국주식,종목정보,REST,POST,/api/us/stkinfo,2,1
usa26411,미국주식 연도별 업종별 종목등락률,미국주식,종목정보,REST,POST,/api/us/stkinfo,2,1
usa26412,미국주식 연도별 ETF 카테고리별 종목등락률,미국주식,종목정보,REST,POST,/api/us/stkinfo,3,1
usa26413,미국주식 연도별 등락률(업종),미국주식,종목정보,REST,POST,/api/us/stkinfo,1,1
usa26414,미국주식 연도별 등락률(ETF),미국주식,종목정보,REST,POST,/api/us/stkinfo,2,1
ust20000,미국주식 매수 주문,미국주식,주문,REST,POST,/api/us/ordr,5,6
ust20001,미국주식 매도 주문,미국주식,주문,REST,POST,/api/us/ordr,6,5
ust20002,미국주식 정정 주문,미국주식,주문,REST,POST,/api/us/ordr,5,7
ust20003,미국주식 취소 주문,미국주식,주문,REST,POST,/api/us/ordr,3,3
ust21050,미국주식 원장 미체결,미국주식,계좌,REST,POST,/api/us/acnt,4,1
ust21070,미국주식 원장잔고확인,미국주식,계좌,REST,POST,/api/us/acnt,2,14
ust21100,미국주식 거래내역,미국주식,계좌,REST,POST,/api/us/acnt,6,4
ust21110,해외주식 예수금,미국주식,계좌,REST,POST,/api/us/acnt,0,4
ust21111,원화출금가능 금액 조회(원화대용 포함),미국주식,계좌,REST,POST,/api/us/acnt,0,3
ust21120,통화별 예수금 및 증권 평가금현황,미국주식,계좌,REST,POST,/api/us/acnt,2,3
ust21121,해외증권 원장 평가금액현황,미국주식,계좌,REST,POST,/api/us/acnt,2,1
ust21131,해외증권 특정일 평가금액,미국주식,계좌,REST,POST,/api/us/acnt,1,1
ust21132,특정일 통화별 예수금 및 증권 평가금,미국주식,계좌,REST,POST,/api/us/acnt,1,7
ust21150,미국주식 일별 주문체결내역,미국주식,계좌,REST,POST,/api/us/acnt,7,1
ust21160,미국주식 예수금 상세,미국주식,계좌,REST,POST,/api/us/acnt,0,32
ust21170,미국주식 당일 종목별 실현손익,미국주식,계좌,REST,POST,/api/us/acnt,1,8
ust21180,미국주식 기간별 주문내역,미국주식,계좌,REST,POST,/api/us/acnt,6,1
ust21510,미국주식 당일 주문체결 확인,미국주식,계좌,REST,POST,/api/us/acnt,3,1
ust21530,미국주식 실현손익,미국주식,계좌,REST,POST,/api/us/acnt,3,7
ust21610,미국주식 당일매매,미국주식,계좌,REST,POST,/api/us/acnt,3,8
ust21620,미국주식 당일매매정리,미국주식,계좌,REST,POST,/api/us/acnt,3,1
ust21630,미국주식 당일 실현손익,미국주식,계좌,REST,POST,/api/us/acnt,3,3
ust21640,미국주식 일별 종목별 실현손익,미국주식,계좌,REST,POST,/api/us/acnt,4,3
ust21650,미국주식 기간별 수익률 현황,미국주식,계좌,REST,POST,/api/us/acnt,2,27
ust21660,미국주식 일별 실현손익,미국주식,계좌,REST,POST,/api/us/acnt,2,6
ust21661,미국주식 월별 실현손익,미국주식,계좌,REST,POST,/api/us/acnt,2,6
ust31300,환전 예상 금액 조회,미국주식,환전,REST,POST,/api/us/exchange,2,14
ust31301,환율 조회,미국주식,환전,REST,POST,/api/us/exchange,1,6
ust31302,환전 신청,미국주식,환전,REST,POST,/api/us/exchange,2,28
ust31490,미국주식 주문가능수량(종목/증거금률별),미국주식,주문,REST,POST,/api/us/ordr,3,29
00,주문체결,국내주식,실시간시세,WEBSOCKET,POST,/api/dostk/websocket,4,4
04,잔고,국내주식,실시간시세,WEBSOCKET,POST,/api/dostk/websocket,4,4
0A,주식기세,국내주식,실시간시세,WEBSOCKET,POST,/api/dostk/websocket,4,4
0B,주식체결,국내주식,실시간시세,WEBSOCKET,POST,/api/dostk/websocket,4,4
0C,주식우선호가,국내주식,실시간시세,WEBSOCKET,POST,/api/dostk/websocket,4,4
0D,주식호가잔량,국내주식,실시간시세,WEBSOCKET,POST,/api/dostk/websocket,4,4
0E,주식시간외호가,국내주식,실시간시세,WEBSOCKET,POST,/api/dostk/websocket,4,4
0F,주식당일거래원,국내주식,실시간시세,WEBSOCKET,POST,/api/dostk/websocket,4,4
0G,ETF NAV,국내주식,실시간시세,WEBSOCKET,POST,/api/dostk/websocket,4,4
0H,주식예상체결,국내주식,실시간시세,WEBSOCKET,POST,/api/dostk/websocket,4,4
0I,국제금환산가격,국내주식,실시간시세,WEBSOCKET,POST,/api/dostk/websocket,4,3
0J,업종지수,국내주식,실시간시세,WEBSOCKET,POST,/api/dostk/websocket,4,4
0U,업종등락,국내주식,실시간시세,WEBSOCKET,POST,/api/dostk/websocket,4,4
0g,주식종목정보,국내주식,실시간시세,WEBSOCKET,POST,/api/dostk/websocket,4,4
0m,ELW 이론가,국내주식,실시간시세,WEBSOCKET,POST,/api/dostk/websocket,4,4
0s,장시작시간,국내주식,실시간시세,WEBSOCKET,POST,/api/dostk/websocket,4,4
0u,ELW 지표,국내주식,실시간시세,WEBSOCKET,POST,/api/dostk/websocket,4,4
0w,종목프로그램매매,국내주식,실시간시세,WEBSOCKET,POST,/api/dostk/websocket,4,4
1h,VI발동/해제,국내주식,실시간시세,WEBSOCKET,POST,/api/dostk/websocket,4,4
F4,미국주식 실시간 주문 확인,미국주식,실시간시세,WEBSOCKET,POST,/api/us/websocket,4,4
F5,미국주식 실시간 체결,미국주식,실시간시세,WEBSOCKET,POST,/api/us/websocket,4,4
FE,미국주식 실시간 체결가,미국주식,실시간시세,WEBSOCKET,POST,/api/us/websocket,4,4
FT,미국주식 10호가,미국주식,실시간시세,WEBSOCKET,POST,/api/us/websocket,4,4
